Workbook

Sheet Compile
A1: No | B1: KabKota | C1: Stunting2024 | D1: BirthNakes2025 | E1: IDL2025 | F1: TalakResp | G1: ANCK4 | H1: BirthFaskes | I1: KNLengkap | J1: TenagaMedis | K1: TenagaPerawat | L1: TenagaFarmasi | M1: TenagaKesmas | N1: TenagaGizi | O1: PKMRanap | P1: PKMTanpaRanap | Q1: Kusta | R1: Malaria | S1: Dengue | T1: IKP | U1: IRBI | V1: =CONCATENATE(C1&"_z") -> Stunting2024_z | W1: =CONCATENATE(D1&"_z") -> BirthNakes2025_z | X1: =CONCATENATE(E1&"_z") -> IDL2025_z | Y1: =CONCATENATE(F1&"_z") -> TalakResp_z | Z1: =CONCATENATE(G1&"_z") -> ANCK4_z | AA1: =CONCATENATE(H1&"_z") -> BirthFaskes_z | AB1: =CONCATENATE(I1&"_z") -> KNLengkap_z | AC1: =CONCATENATE(J1&"_z") -> TenagaMedis_z | ... AN1: =CONCATENATE(U1&"_z") -> IRBI_z
A2: 1 | B2: Raja Ampat | C2: =VLOOKUP(B2, Stunting2024!A:B, 2, FALSE) -> 37.4 | D2: =VLOOKUP(B2, BirthNakes!A:L, 12, FALSE) -> 54.33 | E2: =VLOOKUP(B2, IDL!A:C, 3, FALSE) -> 37.94 | F2: =VLOOKUP(B2, TalakResp!B:C, 2, FALSE) -> 21.7 | G2: =VLOOKUP(B2, 'ANC2'!C:I, 7, FALSE) -> 57 | H2: =VLOOKUP(B2, 'ANC2'!C:N, 12, FALSE) -> 63.2 | I2: =VLOOKUP(B2, KN!B:C, 2, FALSE) -> 23.4 | J2: =VLOOKUP(B2,Nakes!A:B, 2, FALSE) -> 61 | K2: =VLOOKUP(B2, Nakes!A:D, 4, FALSE) -> 412 | L2: =VLOOKUP(B2, Nakes!A:F, 6, FALSE) -> 59 | M2: =VLOOKUP(B2, Nakes!A:G, 7, FALSE) -> 75 | N2: =VLOOKUP(B2, Nakes!A:I, 9, FALSE) -> 50 | O2: =VLOOKUP(B2, PKM!A:C, 3, FALSE) -> 3 | P2: =VLOOKUP(B2, PKM!A:E, 5, FALSE) -> 21 | Q2: =VLOOKUP(B2, Diseases!A:E, 5, FALSE) -> 117.91 | R2: =VLOOKUP(B2, Diseases!A:F, 6, FALSE) -> 15.99 | S2: =VLOOKUP(B2, Diseases!A:G, 7, FALSE) -> 81.35 | T2: =VLOOKUP(B2, IKP!C:F, 4, FALSE) -> 44.12 | U2: =VLOOKUP(B2, IRBI2025!B:D, 3, FALSE) -> 245.97 | V2: =(C2-AVERAGE(C$2:C$7))/STDEV(C$2:C$7) -> 1.1077098 | W2: =(D2-AVERAGE(D$2:D$7))/STDEV(D$2:D$7) -> -1.1458049 | X2: =(E2-AVERAGE(E$2:E$7))/STDEV(E$2:E$7) -> -1.4908941 | Y2: =(F2-AVERAGE(F$2:F$7))/STDEV(F$2:F$7) -> -0.64237414 | Z2: =(G2-AVERAGE(G$2:G$7))/STDEV(G$2:G$7) -> -0.095915656 | AA2: =(H2-AVERAGE(H$2:H$7))/STDEV(H$2:H$7) -> 0.74098445 | AB2: =(I2-AVERAGE(I$2:I$7))/STDEV(I$2:I$7) -> -0.84755886 | AC2: =(J2-AVERAGE(J$2:J$7))/STDEV(J$2:J$7) -> -0.12193107 | ... AN2: =(U2-AVERAGE(U$2:U$7))/STDEV(U$2:U$7) -> 0.74428669
A3: 2 | B3: Sorong | C3: =VLOOKUP(B3, Stunting2024!A:B, 2, FALSE) -> 25.1 | D3: =VLOOKUP(B3, BirthNakes!A:L, 12, FALSE) -> 94.79 | E3: =VLOOKUP(B3, IDL!A:C, 3, FALSE) -> 51.55 | F3: =VLOOKUP(B3, TalakResp!B:C, 2, FALSE) -> 56.7 | G3: =VLOOKUP(B3, 'ANC2'!C:I, 7, FALSE) -> 55.9 | H3: =VLOOKUP(B3, 'ANC2'!C:N, 12, FALSE) -> 76.4 | I3: =VLOOKUP(B3, KN!B:C, 2, FALSE) -> 72.21 | J3: =VLOOKUP(B3,Nakes!A:B, 2, FALSE) -> 109 | K3: =VLOOKUP(B3, Nakes!A:D, 4, FALSE) -> 638 | L3: =VLOOKUP(B3, Nakes!A:F, 6, FALSE) -> 72 | M3: =VLOOKUP(B3, Nakes!A:G, 7, FALSE) -> 114 | N3: =VLOOKUP(B3, Nakes!A:I, 9, FALSE) -> 52 | O3: =VLOOKUP(B3, PKM!A:C, 3, FALSE) -> 2 | P3: =VLOOKUP(B3, PKM!A:E, 5, FALSE) -> 25 | Q3: =VLOOKUP(B3, Diseases!A:E, 5, FALSE) -> 72.25 | R3: =VLOOKUP(B3, Diseases!A:F, 6, FALSE) -> 9.61 | S3: =VLOOKUP(B3, Diseases!A:G, 7, FALSE) -> 77.97 | T3: =VLOOKUP(B3, IKP!C:F, 4, FALSE) -> 46.99 | U3: =VLOOKUP(B3, IRBI2025!B:D, 3, FALSE) -> 240.53 | V3: =(C3-AVERAGE(C$2:C$7))/STDEV(C$2:C$7) -> -1.3922592 | W3: =(D3-AVERAGE(D$2:D$7))/STDEV(D$2:D$7) -> 1.2595531 | X3: =(E3-AVERAGE(E$2:E$7))/STDEV(E$2:E$7) -> -0.28667637 | Y3: =(F3-AVERAGE(F$2:F$7))/STDEV(F$2:F$7) -> 0.29312218 | Z3: =(G3-AVERAGE(G$2:G$7))/STDEV(G$2:G$7) -> -0.1509629 | AA3: =(H3-AVERAGE(H$2:H$7))/STDEV(H$2:H$7) -> 1.3319811 | AB3: =(I3-AVERAGE(I$2:I$7))/STDEV(I$2:I$7) -> 1.1530544 | AC3: =(J3-AVERAGE(J$2:J$7))/STDEV(J$2:J$7) -> 0.65842779 | ... AN3: =(U3-AVERAGE(U$2:U$7))/STDEV(U$2:U$7) -> 0.47767654
A4: 3 | B4: Sorong Selatan | C4: =VLOOKUP(B4, Stunting2024!A:B, 2, FALSE) -> 31.3 | D4: =VLOOKUP(B4, BirthNakes!A:L, 12, FALSE) -> 60.12 | E4: =VLOOKUP(B4, IDL!A:C, 3, FALSE) -> 50.38 | F4: =VLOOKUP(B4, TalakResp!B:C, 2, FALSE) -> 77.9 | G4: =VLOOKUP(B4, 'ANC2'!C:I, 7, FALSE) -> 59.5 | H4: =VLOOKUP(B4, 'ANC2'!C:N, 12, FALSE) -> 36.3 | I4: =VLOOKUP(B4, KN!B:C, 2, FALSE) -> 58.99 | J4: =VLOOKUP(B4,Nakes!A:B, 2, FALSE) -> 42 | K4: =VLOOKUP(B4, Nakes!A:D, 4, FALSE) -> 303 | L4: =VLOOKUP(B4, Nakes!A:F, 6, FALSE) -> 40 | M4: =VLOOKUP(B4, Nakes!A:G, 7, FALSE) -> 39 | N4: =VLOOKUP(B4, Nakes!A:I, 9, FALSE) -> 31 | O4: =VLOOKUP(B4, PKM!A:C, 3, FALSE) -> 4 | P4: =VLOOKUP(B4, PKM!A:E, 5, FALSE) -> 12 | Q4: =VLOOKUP(B4, Diseases!A:E, 5, FALSE) -> 19.28 | R4: =VLOOKUP(B4, Diseases!A:F, 6, FALSE) -> 1.99 | S4: =VLOOKUP(B4, Diseases!A:G, 7, FALSE) -> 10.66 | T4: =VLOOKUP(B4, IKP!C:F, 4, FALSE) -> 48.46 | U4: =VLOOKUP(B4, IRBI2025!B:D, 3, FALSE) -> 221.33 | V4: =(C4-AVERAGE(C$2:C$7))/STDEV(C$2:C$7) -> -0.13211218 | W4: =(D4-AVERAGE(D$2:D$7))/STDEV(D$2:D$7) -> -0.80158784 | X4: =(E4-AVERAGE(E$2:E$7))/STDEV(E$2:E$7) -> -0.39019839 | Y4: =(F4-AVERAGE(F$2:F$7))/STDEV(F$2:F$7) -> 0.85976566 | Z4: =(G4-AVERAGE(G$2:G$7))/STDEV(G$2:G$7) -> 0.029191721 | AA4: =(H4-AVERAGE(H$2:H$7))/STDEV(H$2:H$7) -> -0.46339511 | AB4: =(I4-AVERAGE(I$2:I$7))/STDEV(I$2:I$7) -> 0.61119602 | AC4: =(J4-AVERAGE(J$2:J$7))/STDEV(J$2:J$7) -> -0.43082312 | ... AN4: =(U4-AVERAGE(U$2:U$7))/STDEV(U$2:U$7) -> -0.4633005
A5: 4 | B5: Maybrat | C5: =VLOOKUP(B5, Stunting2024!A:B, 2, FALSE) -> 30.7 | D5: =VLOOKUP(B5, BirthNakes!A:L, 12, FALSE) -> 71.9 | E5: =VLOOKUP(B5, IDL!A:C, 3, FALSE) -> 60.46 | F5: =VLOOKUP(B5, TalakResp!B:C, 2, FALSE) -> 0 | G5: =VLOOKUP(B5, 'ANC2'!C:I, 7, FALSE) -> 92.7 | H5: =VLOOKUP(B5, 'ANC2'!C:N, 12, FALSE) -> 33.7 | I5: =VLOOKUP(B5, KN!B:C, 2, FALSE) -> 29.54 | J5: =VLOOKUP(B5,Nakes!A:B, 2, FALSE) -> 8 | K5: =VLOOKUP(B5, Nakes!A:D, 4, FALSE) -> 210 | L5: =VLOOKUP(B5, Nakes!A:F, 6, FALSE) -> 26 | M5: =VLOOKUP(B5, Nakes!A:G, 7, FALSE) -> 61 | N5: =VLOOKUP(B5, Nakes!A:I, 9, FALSE) -> 35 | O5: =VLOOKUP(B5, PKM!A:C, 3, FALSE) -> 3 | P5: =VLOOKUP(B5, PKM!A:E, 5, FALSE) -> 16 | Q5: =VLOOKUP(B5, Diseases!A:E, 5, FALSE) -> 28.85 | R5: =VLOOKUP(B5, Diseases!A:F, 6, FALSE) -> 0.48 | S5: =VLOOKUP(B5, Diseases!A:G, 7, FALSE) -> 12.76 | T5: =VLOOKUP(B5, IKP!C:F, 4, FALSE) -> 41.6 | U5: =VLOOKUP(B5, IRBI2025!B:D, 3, FALSE) -> 197.09 | V5: =(C5-AVERAGE(C$2:C$7))/STDEV(C$2:C$7) -> -0.25406189 | W5: =(D5-AVERAGE(D$2:D$7))/STDEV(D$2:D$7) -> -0.10126363 | X5: =(E5-AVERAGE(E$2:E$7))/STDEV(E$2:E$7) -> 0.50168364 | Y5: =(F5-AVERAGE(F$2:F$7))/STDEV(F$2:F$7) -> -1.2223819 | Z5: =(G5-AVERAGE(G$2:G$7))/STDEV(G$2:G$7) -> 1.6906177 | AA5: =(H5-AVERAGE(H$2:H$7))/STDEV(H$2:H$7) -> -0.57980354 | AB5: =(I5-AVERAGE(I$2:I$7))/STDEV(I$2:I$7) -> -0.59589392 | AC5: =(J5-AVERAGE(J$2:J$7))/STDEV(J$2:J$7) -> -0.98357732 | ... AN5: =(U5-AVERAGE(U$2:U$7))/STDEV(U$2:U$7) -> -1.651284
A6: 5 | B6: Tambrauw | C6: =VLOOKUP(B6, Stunting2024!A:B, 2, FALSE) -> 37.9 | D6: =VLOOKUP(B6, BirthNakes!A:L, 12, FALSE) -> 67.56 | E6: =VLOOKUP(B6, IDL!A:C, 3, FALSE) -> 71.8 | F6: =VLOOKUP(B6, TalakResp!B:C, 2, FALSE) -> 21.5 | G6: =VLOOKUP(B6, 'ANC2'!C:I, 7, FALSE) -> 29.9 | H6: =VLOOKUP(B6, 'ANC2'!C:N, 12, FALSE) -> 15.2 | I6: =VLOOKUP(B6, KN!B:C, 2, FALSE) -> 14.74 | J6: =VLOOKUP(B6,Nakes!A:B, 2, FALSE) -> 20 | K6: =VLOOKUP(B6, Nakes!A:D, 4, FALSE) -> 105 | L6: =VLOOKUP(B6, Nakes!A:F, 6, FALSE) -> 16 | M6: =VLOOKUP(B6, Nakes!A:G, 7, FALSE) -> 23 | N6: =VLOOKUP(B6, Nakes!A:I, 9, FALSE) -> 19 | O6: =VLOOKUP(B6, PKM!A:C, 3, FALSE) -> 1 | P6: =VLOOKUP(B6, PKM!A:E, 5, FALSE) -> 20 | Q6: =VLOOKUP(B6, Diseases!A:E, 5, FALSE) -> 139.38 | R6: =VLOOKUP(B6, Diseases!A:F, 6, FALSE) -> 24.13 | S6: =VLOOKUP(B6, Diseases!A:G, 7, FALSE) -> 15.4 | T6: =VLOOKUP(B6, IKP!C:F, 4, FALSE) -> 32.88 | U6: =VLOOKUP(B6, IRBI2025!B:D, 3, FALSE) -> 226.37 | V6: =(C6-AVERAGE(C$2:C$7))/STDEV(C$2:C$7) -> 1.2093346 | W6: =(D6-AVERAGE(D$2:D$7))/STDEV(D$2:D$7) -> -0.35927781 | X6: =(E6-AVERAGE(E$2:E$7))/STDEV(E$2:E$7) -> 1.5050509 | Y6: =(F6-AVERAGE(F$2:F$7))/STDEV(F$2:F$7) -> -0.64771983 | Z6: =(G6-AVERAGE(G$2:G$7))/STDEV(G$2:G$7) -> -1.4520796 | AA6: =(H6-AVERAGE(H$2:H$7))/STDEV(H$2:H$7) -> -1.4080943 | AB6: =(I6-AVERAGE(I$2:I$7))/STDEV(I$2:I$7) -> -1.202513 | AC6: =(J6-AVERAGE(J$2:J$7))/STDEV(J$2:J$7) -> -0.7884876 | ... AN6: =(U6-AVERAGE(U$2:U$7))/STDEV(U$2:U$7) -> -0.21629403
A7: 6 | B7: Kota Sorong | C7: =VLOOKUP(B7, Stunting2024!A:B, 2, FALSE) -> 29.3 | D7: =VLOOKUP(B7, BirthNakes!A:L, 12, FALSE) -> 92.92 | E7: =VLOOKUP(B7, IDL!A:C, 3, FALSE) -> 56.61 | F7: =VLOOKUP(B7, TalakResp!B:C, 2, FALSE) -> 96.6 | G7: =VLOOKUP(B7, 'ANC2'!C:I, 7, FALSE) -> 58.5 | H7: =VLOOKUP(B7, 'ANC2'!C:N, 12, FALSE) -> 55.1 | I7: =VLOOKUP(B7, KN!B:C, 2, FALSE) -> 65.59 | J7: =VLOOKUP(B7,Nakes!A:B, 2, FALSE) -> 171 | K7: =VLOOKUP(B7, Nakes!A:D, 4, FALSE) -> 687 | L7: =VLOOKUP(B7, Nakes!A:F, 6, FALSE) -> 116 | M7: =VLOOKUP(B7, Nakes!A:G, 7, FALSE) -> 92 | N7: =VLOOKUP(B7, Nakes!A:I, 9, FALSE) -> 40 | O7: =VLOOKUP(B7, PKM!A:C, 3, FALSE) -> 0 | P7: =VLOOKUP(B7, PKM!A:E, 5, FALSE) -> 10 | Q7: =VLOOKUP(B7, Diseases!A:E, 5, FALSE) -> 52.24 | R7: =VLOOKUP(B7, Diseases!A:F, 6, FALSE) -> 13.19 | S7: =VLOOKUP(B7, Diseases!A:G, 7, FALSE) -> 15.4 | T7: =VLOOKUP(B7, IKP!C:F, 4, FALSE) -> 74.18 | U7: =VLOOKUP(B7, IRBI2025!B:D, 3, FALSE) -> 253.41 | V7: =(C7-AVERAGE(C$2:C$7))/STDEV(C$2:C$7) -> -0.53861121 | W7: =(D7-AVERAGE(D$2:D$7))/STDEV(D$2:D$7) -> 1.1483811 | X7: =(E7-AVERAGE(E$2:E$7))/STDEV(E$2:E$7) -> 0.16103425 | Y7: =(F7-AVERAGE(F$2:F$7))/STDEV(F$2:F$7) -> 1.359588 | Z7: =(G7-AVERAGE(G$2:G$7))/STDEV(G$2:G$7) -> -0.02085123 | AA7: =(H7-AVERAGE(H$2:H$7))/STDEV(H$2:H$7) -> 0.37832741 | AB7: =(I7-AVERAGE(I$2:I$7))/STDEV(I$2:I$7) -> 0.88171533 | AC7: =(J7-AVERAGE(J$2:J$7))/STDEV(J$2:J$7) -> 1.6663913 | ... AN7: =(U7-AVERAGE(U$2:U$7))/STDEV(U$2:U$7) -> 1.1089153
B12: Stunting2024 | C12: Prevalensi Balita Stunting (SSGI 2024)
B13: BirthFaskes | C13: Persentase ibu hamil menjalani kelahiran di fasilitas kesehatan, tahun 2022
B14: IDL2025 | C14: Persentase anak usia 12-23 bulan yang telah menerima imunisasi dasar lengkap, tahun 2025
B15: ANCK4 | C15: Persentase Ibu hamil melakukan antenatal care visit ke-4, tahun 2022
B16: KNLengkap | C16: Persentase Kunjungan Neonatal Lengkap, tahun 2022
B17: Kusta | C17: Penemuan Kasus Baru Kusta per 100.000 Penduduk, tahun 2024
B18: Malaria | C18: Angka Kesakitan Malaria per 1.000 Penduduk, tahun 2024
B19: Dengue | C19: Angka Kesakitan DBD per 100.000 Penduduk, tahun 2024

Sheet Heatmap
A1: No | B1: KabKota | C1: Stunting2024 | D1: BirthFaskes | E1: IDL2025 | F1: ANCK4 | G1: KNLengkap | H1: Kusta | I1: Malaria | J1: Dengue | K1: IKP | L1: IRBI
A2: 1 | B2: Raja Ampat | C2: =VLOOKUP(B2, Compile!B:V, 21, FALSE) -> 1.1077098 | D2: =-(VLOOKUP(B2, Compile!B:AA, 26, FALSE)) -> -0.74098445 | E2: =-(VLOOKUP(B2, Compile!B:X, 23, FALSE)) -> 1.4908941 | F2: =-(VLOOKUP(B2, Compile!B:Z, 25, FALSE)) -> 0.095915656 | G2: =-(VLOOKUP(B2, Compile!B:AB, 27, FALSE)) -> 0.84755886 | H2: =VLOOKUP(B2, Compile!B:AJ, 35, FALSE) -> 0.95713657 | I2: =VLOOKUP(B2, Compile!B:AL, 36, FALSE) -> 0.57226814 | J2: =VLOOKUP(B2, Compile!B:AL, 37, FALSE) -> 1.3380314 | K2: =-(VLOOKUP(B2, Compile!B:AM, 38, FALSE)) -> 0.28113971 | L2: =VLOOKUP(B2, Compile!B:AN, 39, FALSE) -> 0.74428669
A3: 2 | B3: Sorong | C3: =VLOOKUP(B3, Compile!B:V, 21, FALSE) -> -1.3922592 | D3: =-(VLOOKUP(B3, Compile!B:AA, 26, FALSE)) -> -1.3319811 | E3: =-(VLOOKUP(B3, Compile!B:X, 23, FALSE)) -> 0.28667637 | F3: =-(VLOOKUP(B3, Compile!B:Z, 25, FALSE)) -> 0.1509629 | G3: =-(VLOOKUP(B3, Compile!B:AB, 27, FALSE)) -> -1.1530544 | H3: =VLOOKUP(B3, Compile!B:AJ, 35, FALSE) -> 0.012380185 | I3: =VLOOKUP(B3, Compile!B:AL, 36, FALSE) -> -0.14479976 | J3: =VLOOKUP(B3, Compile!B:AL, 37, FALSE) -> 1.2391995 | K3: =-(VLOOKUP(B3, Compile!B:AM, 38, FALSE)) -> 0.075217727 | L3: =VLOOKUP(B3, Compile!B:AN, 39, FALSE) -> 0.47767654
A4: 3 | B4: Sorong Selatan | C4: =VLOOKUP(B4, Compile!B:V, 21, FALSE) -> -0.13211218 | D4: =-(VLOOKUP(B4, Compile!B:AA, 26, FALSE)) -> 0.46339511 | E4: =-(VLOOKUP(B4, Compile!B:X, 23, FALSE)) -> 0.39019839 | F4: =-(VLOOKUP(B4, Compile!B:Z, 25, FALSE)) -> -0.029191721 | G4: =-(VLOOKUP(B4, Compile!B:AB, 27, FALSE)) -> -0.61119602 | H4: =VLOOKUP(B4, Compile!B:AJ, 35, FALSE) -> -1.0836283 | I4: =VLOOKUP(B4, Compile!B:AL, 36, FALSE) -> -1.0012351 | J4: =VLOOKUP(B4, Compile!B:AL, 37, FALSE) -> -0.72895809 | K4: =-(VLOOKUP(B4, Compile!B:AM, 38, FALSE)) -> -0.030254507 | L4: =VLOOKUP(B4, Compile!B:AN, 39, FALSE) -> -0.4633005
A5: 4 | B5: Maybrat | C5: =VLOOKUP(B5, Compile!B:V, 21, FALSE) -> -0.25406189 | D5: =-(VLOOKUP(B5, Compile!B:AA, 26, FALSE)) -> 0.57980354 | E5: =-(VLOOKUP(B5, Compile!B:X, 23, FALSE)) -> -0.50168364 | F5: =-(VLOOKUP(B5, Compile!B:Z, 25, FALSE)) -> -1.6906177 | G5: =-(VLOOKUP(B5, Compile!B:AB, 27, FALSE)) -> 0.59589392 | H5: =VLOOKUP(B5, Compile!B:AJ, 35, FALSE) -> -0.88561428 | I5: =VLOOKUP(B5, Compile!B:AL, 36, FALSE) -> -1.1709486 | J5: =VLOOKUP(B5, Compile!B:AL, 37, FALSE) -> -0.66755368 | K5: =-(VLOOKUP(B5, Compile!B:AM, 38, FALSE)) -> 0.46194925 | L5: =VLOOKUP(B5, Compile!B:AN, 39, FALSE) -> -1.651284
A6: 5 | B6: Tambrauw | C6: =VLOOKUP(B6, Compile!B:V, 21, FALSE) -> 1.2093346 | D6: =-(VLOOKUP(B6, Compile!B:AA, 26, FALSE)) -> 1.4080943 | E6: =-(VLOOKUP(B6, Compile!B:X, 23, FALSE)) -> -1.5050509 | F6: =-(VLOOKUP(B6, Compile!B:Z, 25, FALSE)) -> 1.4520796 | G6: =-(VLOOKUP(B6, Compile!B:AB, 27, FALSE)) -> 1.202513 | H6: =VLOOKUP(B6, Compile!B:AJ, 35, FALSE) -> 1.4013748 | I6: =VLOOKUP(B6, Compile!B:AL, 36, FALSE) -> 1.4871479 | J6: =VLOOKUP(B6, Compile!B:AL, 37, FALSE) -> -0.59035956 | K6: =-(VLOOKUP(B6, Compile!B:AM, 38, FALSE)) -> 1.0876077 | L6: =VLOOKUP(B6, Compile!B:AN, 39, FALSE) -> -0.21629403
A7: 6 | B7: Kota Sorong | C7: =VLOOKUP(B7, Compile!B:V, 21, FALSE) -> -0.53861121 | D7: =-(VLOOKUP(B7, Compile!B:AA, 26, FALSE)) -> -0.37832741 | E7: =-(VLOOKUP(B7, Compile!B:X, 23, FALSE)) -> -0.16103425 | F7: =-(VLOOKUP(B7, Compile!B:Z, 25, FALSE)) -> 0.02085123 | G7: =-(VLOOKUP(B7, Compile!B:AB, 27, FALSE)) -> -0.88171533 | H7: =VLOOKUP(B7, Compile!B:AJ, 35, FALSE) -> -0.40164906 | I7: =VLOOKUP(B7, Compile!B:AL, 36, FALSE) -> 0.25756749 | J7: =VLOOKUP(B7, Compile!B:AL, 37, FALSE) -> -0.59035956 | K7: =-(VLOOKUP(B7, Compile!B:AM, 38, FALSE)) -> -1.8756598 | L7: =VLOOKUP(B7, Compile!B:AN, 39, FALSE) -> 1.1089153

Sheet KN
A1: No | B1: Kabupaten / Kota | C1: Kunjungan Neonatal (KN) Lengkap (%)
A2: 1 | B2: Sorong Selatan | C2: 58.99
A3: 2 | B3: Sorong | C3: 72.21
A4: 3 | B4: Raja Ampat | C4: 23.4
A5: 4 | B5: Tambrauw | C5: 14.74
A6: 5 | B6: Maybrat | C6: 29.54
A7: 6 | B7: Kota Sorong | C7: 65.59
B8: Prov. Papua Barat Daya | C8: 44.07
A12: Persentase Kunjungan Neonatal Lengkap (KN Lengkap)
A13: Provinsi Papua Barat Daya Tahun 2022
A15: Sumber : Profil kesehatan Papua Barat 2022

Sheet PKM
A1: Kabupaten/Kota | B1: Puskesmas Rawat Inap 2023 | C1: Puskesmas Rawat Inap 2024 | D1: Puskesmas Non Rawat Inap 2023 | E1: Puskesmas Non Rawat Inap 2024
A2: Raja Ampat | B2: ... | C2: 3 | D2: ... | E2: 21
A3: Sorong | B3: ... | C3: 2 | D3: ... | E3: 25
A4: Sorong Selatan | B4: ... | C4: 4 | D4: ... | E4: 12
A5: Maybrat | B5: ... | C5: 3 | D5: ... | E5: 16
A6: Tambrauw | B6: ... | C6: 1 | D6: ... | E6: 20
A7: Kota Sorong | B7: ... | C7: 0 | D7: ... | E7: 10
A8: Papua Barat Daya | B8: ... | C8: 13 | D8: ... | E8: 104

Sheet Nakes
A1: Kabupaten/Kota | B1: Tenaga Medis | C1: Psikologi Klinis | D1: Tenaga Keperawatan | E1: Tenaga Kebidanan | F1: Tenaga Kefarmasian | G1: Tenaga Kesehatan Masyarakat | H1: Tenaga Kesehatan Lingkungan | I1: Tenaga Gizi | J1: Tenaga Keterapian Fisik | K1: Tenaga Keteknisan Medis | L1: Tenaga Teknik Biomedika | M1: Tenaga Kesehatan Tradisional
A2: Raja Ampat | B2: 61 | C2: – | D2: 412 | E2: 259 | F2: 59 | G2: 75 | H2: 27 | I2: 50 | J2: 0 | K2: 11 | L2: 38 | M2: –
A3: Sorong | B3: 109 | C3: – | D3: 638 | E3: 318 | F3: 72 | G3: 114 | H3: 24 | I3: 52 | J3: 4 | K3: 14 | L3: 55 | M3: –
A4: Sorong Selatan | B4: 42 | C4: 1 | D4: 303 | E4: 200 | F4: 40 | G4: 39 | H4: 25 | I4: 31 | J4: 1 | K4: 8 | L4: 30 | M4: –
A5: Maybrat | B5: 8 | C5: – | D5: 210 | E5: 98 | F5: 26 | G5: 61 | H5: 16 | I5: 35 | J5: – | K5: – | L5: 14 | M5: –
A6: Tambrauw | B6: 20 | C6: – | D6: 105 | E6: 70 | F6: 16 | G6: 23 | H6: 13 | I6: 19 | J6: – | K6: 3 | L6: 12 | M6: –
A7: Kota Sorong | B7: 171 | C7: 1 | D7: 687 | E7: 307 | F7: 116 | G7: 92 | H7: 33 | I7: 40 | J7: 5 | K7: 35 | L7: 61 | M7: –
A8: Papua Barat Daya | B8: 411 | C8: 2 | D8: 2355 | E8: 1252 | F8: 329 | G8: 404 | H8: 138 | I8: 227 | J8: 10 | K8: 71 | L8: 210 | M8: –
A12: Jumlah Tenaga Kesehatan Menurut Kabupaten/Kota di Provinsi Papua Barat Daya, 2024
A13: PBD dalam angka 2025

Sheet Stunting2024
A1: Kabupaten / Kota | B1: Stunting (%) | C1: Stunting (95% CI) | D1: Underweight (%) | E1: Underweight (95% CI) | F1: Severe Wasting (%) | G1: Severe Wasting (95% CI) | H1: Wasting (%) | I1: Wasting (95% CI) | J1: Overweight (%) | K1: Overweight (95% CI)
A2: Raja Ampat | B2: 37.4 | C2: 32.1 - 43.1 | D2: 33.7 | E2: 27.9 - 40.1 | F2: 4.4 | G2: 2.8 - 6.9 | H2: 10.5 | I2: 7.9 - 13.9 | J2: 0.9 | K2: 0.4 - 2.2
A3: Sorong | B3: 25.1 | C3: 19.1 - 32.4 | D3: 23.5 | E3: 17.9 - 30.4 | F3: 0.7 | G3: 0.2 - 2.0 | H3: 10.3 | I3: 7.2 - 14.6 | J3: 4.1 | K3: 2.5 - 6.5
A4: Sorong Selatan | B4: 31.3 | C4: 26.5 - 36.5 | D4: 30.3 | E4: 24.3 - 37.1 | F4: 4.2 | G4: 2.4 - 7.4 | H4: 16.1 | I4: 11.7 - 21.8 | J4: 2.6 | K4: 1.3 - 5.2
A5: Maybrat | B5: 30.7 | C5: 23.5 - 37.8 | D5: 24 | E5: 17.2 - 30.9 | F5: 1.3 | G5: 0.0 - 2.9 | H5: 6.4 | I5: 4.1 - 8.6 | J5: 1.3 | K5: 0.7 - 1.9
A6: Tambrauw | B6: 37.9 | C6: 31.6 - 44.1 | D6: 26.5 | E6: 19.1 - 33.9 | F6: 2.2 | G6: 0.6 - 3.9 | H6: 8.7 | I6: 6.0 - 11.5 | J6: 1.1 | K6: 0.6 - 1.7
A7: Kota Sorong | B7: 29.3 | C7: 24.8 - 34.2 | D7: 30.3 | E7: 25.2 - 35.8 | F7: 5.4 | G7: 2.9 - 9.6 | H7: 8.1 | I7: 5.8 - 11.1 | J7: 1.6 | K7: 0.8 - 3.0
B27: SSGI 2024

Sheet TalakResp
A1: No | B1: Kabupaten / Kota | C1: Persentase Balita Batuk/Kesukaran Sesuai Tatalaksana Standar Minimal
A2: 1 | B2: Sorong Selatan | C2: 77.9
A3: 2 | B3: Sorong | C3: 56.7
A4: 3 | B4: Raja Ampat | C4: 21.7
A5: 4 | B5: Tambrauw | C5: 21.5
A6: 5 | B6: Maybrat | C6: 0
A7: 6 | B7: Kota Sorong | C7: 96.6
B8: Prov. Papua Barat Daya
B12: PENEMUAN KASUS PNEUMONIA BALITA MENURUT JENIS KELAMIN, KECAMATAN, DAN PUSKESMAS KABUPATEN/KOTA PROVINSI PAPUA BARAT DAYA TAHUN 2022
B14: Persentase Balita Batuk/Kesukaran Sesuai Tatalaksana Standar Minimal
B17: Sumber : Profil kesehatan Papua Barat 2022; Prov. Papua Barat Daya dalam Angka (BPS, 2024)

Sheet ANC
A1: No | B1: Kabupaten/Kota | C1: Cakupan_K1 | D1: Cakupan_K4 | E1: Cakupan_K6
A2: 1 | B2: SORONG SELATAN | C2: 5 | D2: 59 | E2: 9
A3: 2 | B3: SORONG | C3: 90 | D3: 54 | E3: 54
A4: 3 | B4: RAJA AMPAT | C4: 22.5 | D4: 57.5 | E4: 42
A5: 4 | B5: TAMBRAUW | C5: 40 | D5: 30 | E5: 0
A6: 5 | B6: MAYBRAT | C6: 37.5 | D6: 92.7 | E6: 32
A7: 6 | B7: KOTA SORONG | C7: 0 | D7: 58 | E7: 13
B8: Jumlah | C8: 10 | D8: 10
B11: Cakupan K1, K4 dan K6 Menurut Kabupaten/Kota Provinsi Papua Barat Daya Tahun 2022

Sheet ANC2
A1: NO | B1: DATA KODE WILAYAH | C1: KABUPATEN/KOTA | D1: PUSKESMAS | E1: IBU HAMIL_JUMLAH | F1: IBU HAMIL_K1_JUMLAH | G1: IBU HAMIL_K1_% | H1: IBU HAMIL_K4_JUMLAH | I1: IBU HAMIL_K4_% | J1: IBU HAMIL_K6_JUMLAH | K1: IBU HAMIL_K6_% | L1: IBU BERSALIN/NIFAS_JUMLAH | M1: IBU BERSALIN/NIFAS_PERSALINAN DI FASYANKES_JUMLAH | N1: IBU BERSALIN/NIFAS_PERSALINAN DI FASYANKES_% | O1: IBU BERSALIN/NIFAS_KF1_JUMLAH | P1: IBU BERSALIN/NIFAS_KF1_% | Q1: IBU BERSALIN/NIFAS_KF LENGKAP_JUMLAH | R1: IBU BERSALIN/NIFAS_KF LENGKAP_% | S1: IBU BERSALIN/NIFAS_IBU NIFAS MENDAPAT VIT A_JUMLAH | T1: IBU BERSALIN/NIFAS_IBU NIFAS MENDAPAT VIT A_%
A2: 1 | B2: 9106 | C2: SORONG SELATAN | D2: 16 | E2: 1322 | F2: 70 | G2: 5.3 | H2: 786 | I2: 59.5 | J2: 118 | K2: 8.9 | L2: 1255 | M2: 455 | N2: 36.3 | O2: 31 | P2: 2.5 | Q2: 25 | R2: 2 | S2: 0 | T2: 0
A3: 2 | B3: 9107 | C3: SORONG | D3: 27 | E3: 2043 | F3: 1838 | G3: 90 | H3: 1142 | I3: 55.9 | J3: 1142 | K3: 55.9 | L3: 1.95 | M3: 1490 | N3: 76.4 | O3: 1637 | P3: 83.9 | Q3: 1593 | R3: 81.7 | S3: 1637 | T3: 83.9
A4: 3 | B4: 9108 | C4: RAJA AMPAT | D4: 21 | E4: 1321 | F4: 288 | G4: 21.8 | H4: 753 | I4: 57 | J4: 553 | K4: 41.9 | L4: 1261 | M4: 797 | N4: 63.2 | O4: 571 | P4: 45.3 | Q4: 327 | R4: 25.9 | S4: 571 | T4: 45.3
A5: 4 | B5: 9109 | C5: TAMBRAUW | D5: 21 | E5: 448 | F5: 181 | G5: 40.4 | H5: 134 | I5: 29.9 | J5: 0 | K5: 0 | L5: 427 | M5: 65 | N5: 15.2 | O5: 78 | P5: 18.3 | Q5: 82 | R5: 19.2 | S5: 55 | T5: 12.9
A6: 5 | B6: 9110 | C6: MAYBRAT | D6: 19 | E6: 551 | F6: 209 | G6: 37.9 | H6: 511 | I6: 92.7 | J6: 172 | K6: 31.2 | L6: 526 | M6: 177 | N6: 33.7 | O6: 166 | P6: 31.6 | Q6: 148 | R6: 28.1 | S6: 149 | T6: 28.3
A7: 6 | B7: 9171 | C7: KOTA SORONG | D7: 10 | E7: 5994 | F7: 0 | G7: 0 | H7: 3504 | I7: 58.5 | J7: 790 | K7: 13.2 | L7: 5722 | M7: 3154 | N7: 55.1 | O7: 0 | P7: 0 | Q7: 0 | R7: 0 | S7: 0 | T7: 0
A8: JUMLAH (PROVINSI PAPUA BARAT DAYA) | E8: 22763 | F8: 5256 | G8: 23.1 | H8: 11553 | I8: 50.8 | J8: 5785 | K8: 25.4 | L8: 21707 | M8: 14179 | N8: 65.3 | O8: 6302 | P8: 29 | Q8: 4985 | R8: 23 | S8: 6330 | T8: 29.2
C12: Cakupan pelayanan kesehatan pada ibu hamil, ibu bersalin, dan ibu nifas menurut Kabupaten/Kota Provinsi Papua Barat Daya tahun 2022

Sheet BirthFaskes
A1: No | B1: Kabupaten/Kota | C1: Cakupan_K1 | D1: Cakupan_K4 | E1: Cakupan_K6
A2: 1 | B2: SORONG SELATAN | C2: 5 | D2: 59 | E2: 9
A3: 2 | B3: SORONG | C3: 90 | D3: 54 | E3: 54
A4: 3 | B4: RAJA AMPAT | C4: 22.5 | D4: 57.5 | E4: 42
A5: 4 | B5: TAMBRAUW | C5: 40 | D5: 30 | E5: 0
A6: 5 | B6: MAYBRAT | C6: 37.5 | D6: 92.7 | E6: 32
A7: 6 | B7: KOTA SORONG | C7: 0 | D7: 58 | E7: 13
B8: Jumlah | C8: 10 | D8: 10
B17: Cakupan K1 | C17: K4 dan K6 Menurut Kabupaten/Kota
B18: Provinsi Papua Barat Daya Tahun 2022

Sheet IKP
A1: NAMA PROVINSI | B1: KODE KAB/KOTA | C1: NAMA KABUPATEN | D1: TIPE | E1: TAHUN | F1: IKP | G1: PERINGKAT KAB/KOTA | H1: KELOMPOK IKP
A2: Papua Barat | B2: 9271 | C2: Kota Sorong | D2: Kota | E2: 2023 | F2: 74.18 | G2: 84 | H2: 6
A3: Papua Barat | B3: 9212 | C3: Pegunungan Arfak | D3: Kabupaten | E3: 2023 | F3: 32.87 | G3: 401 | H3: 1
A4: Papua Barat | B4: 9211 | C4: Manokwari Selatan | D4: Kabupaten | E4: 2023 | F4: 67.12 | G4: 316 | H4: 4
A5: Papua Barat | B5: 9210 | C5: Maybrat | D5: Kabupaten | E5: 2023 | F5: 41.6 | G5: 395 | H5: 2
A6: Papua Barat | B6: 9209 | C6: Tambrauw | D6: Kabupaten | E6: 2023 | F6: 32.88 | G6: 400 | H6: 1
A7: Papua Barat | B7: 9205 | C7: Raja Ampat | D7: Kabupaten | E7: 2023 | F7: 44.12 | G7: 393 | H7: 2
A8: Papua Barat | B8: 9201 | C8: Sorong | D8: Kabupaten | E8: 2023 | F8: 46.99 | G8: 391 | H8: 2
A9: Papua Barat | B9: 9204 | C9: Sorong Selatan | D9: Kabupaten | E9: 2023 | F9: 48.46 | G9: 385 | H9: 2
A10: Papua Barat | B10: 9202 | C10: Manokwari | D10: Kabupaten | E10: 2023 | F10: 66.85 | G10: 318 | H10: 4
A11: Papua Barat | B11: 9206 | C11: Teluk Bintuni | D11: Kabupaten | E11: 2023 | F11: 40.88 | G11: 396 | H11: 1
A12: Papua Barat | B12: 9207 | C12: Teluk Wondama | D12: Kabupaten | E12: 2023 | F12: 32.93 | G12: 399 | H12: 1
A13: Papua Barat | B13: 9208 | C13: Kaimana | D13: Kabupaten | E13: 2023 | F13: 47.12 | G13: 389 | H13: 2
A14: Papua Barat | B14: 9203 | C14: Fak-Fak | D14: Kabupaten | E14: 2023 | F14: 47.32 | G14: 388 | H14: 2

Sheet IRBI2025
A1: NO | B1: WILAYAH | C1: 2025(SEB) | D1: 2025 | E1: Trend
A2: 1 | B2: Kota Sorong | C2: 229.98 | D2: 253.41 | E2: ▲
A3: 2 | B3: Raja Ampat | C3: 192.29 | D3: 245.97 | E3: ▲
A4: 3 | B4: Sorong | C4: 230.21 | D4: 240.53 | E4: ▲
A5: 4 | B5: Tambrauw | C5: 224.21 | D5: 226.37 | E5: ▲
A6: 5 | B6: Sorong Selatan | C6: 218.69 | D6: 221.33 | E6: ▲
A7: 6 | B7: Maybrat | C7: 198.53 | D7: 197.09 | E7: ▼

Sheet OtherInfo

Sheet Faskes
A1: Kabupaten/Kota | B1: Rumah Sakit 2024 | C1: Rumah Sakit 2025 | D1: Rumah Sakit Bersalin 2024 | E1: Rumah Sakit Bersalin 2025 | F1: Poliklinik 2024 | G1: Poliklinik 2025 | H1: Puskesmas 2021 | I1: Puskesmas 2024 | J1: Puskesmas Pembantu 2024 | K1: Puskesmas Pembantu 2025 | L1: Apotek 2024 | M1: Apotek 2025
A2: Kabupaten/Regency
A3: Raja Ampat | B3: 1 | C3: 1 | D3: - | E3: - | F3: - | G3: - | H3: 22 | I3: 22 | J3: 56 | K3: 53 | L3: 3 | M3: 3
A4: Sorong | B4: 1 | C4: 1 | D4: - | E4: - | F4: 6 | G4: 6 | H4: 25 | I4: 23 | J4: 43 | K4: 52 | L4: 15 | M4: 16
A5: Sorong Selatan | B5: 1 | C5: 1 | D5: - | E5: - | F5: 1 | G5: 1 | H5: 16 | I5: 16 | J5: 44 | K5: 45 | L5: 7 | M5: 7
A6: Maybrat | B6: 1 | C6: 1 | D6: - | E6: - | F6: 1 | G6: 1 | H6: 17 | I6: 17 | J6: 29 | K6: 24 | L6: 4 | M6: 4
A7: Tambrauw | B7: 1 | C7: 1 | D7: - | E7: - | F7: - | G7: - | H7: 14 | I7: 16 | J7: 8 | K7: 10 | L7: 2 | M7: 3
A8: Kota/Municipality
A9: Kota Sorong | B9: 7 | C9: 7 | D9: - | E9: - | F9: 7 | G9: 7 | H9: 10 | I9: 11 | J9: 22 | K9: 22 | L9: 27 | M9: 30
A10: Papua Barat Daya | B10: 12 | C10: 12 | D10: - | E10: - | F10: 15 | G10: 15 | H10: 104 | I10: 105 | J10: 202 | K10: 206 | L10: 58 | M10: 63
A14: BPS PAPUA BARAT DAYA PROVINCE IN FIGURES 2026

Sheet BirthNakes
A1: Kabupaten/Kota | B1: Dokter 2024 | C1: Dokter 2025 | D1: Bidan 2024 | E1: Bidan 2025 | F1: Tenaga Kesehatan Lain 2024 | G1: Tenaga Kesehatan Lain 2025 | H1: Dukun 2024 | I1: Dukun 2025 | J1: Lainnya 2024 | K1: Lainnya 2025 | L1: NakesApapun | M1: DukunDanLainnya | N1: Jumlah 2024 | O1: Jumlah 2025
A2: Kabupaten/Regency
A3: Raja Ampat | B3: 9.86 | C3: 18.31 | D3: 43.07 | E3: 36.02 | F3: NA | G3: NA | H3: 39.69 | I3: 33.2 | J3: NA | K3: 9.78 | L3: =C3+E3 -> 54.33 | M3: =100-L3 -> 45.67 | N3: 100 | O3: 100
A4: Sorong | B4: 51.44 | C4: 45.13 | D4: 39.43 | E4: 49.66 | F4: NA | G4: NA | H4: NA | I4: NA | J4: NA | K4: – | L4: =C4+E4 -> 94.79 | M4: =100-L4 -> 5.21 | N4: 100 | O4: 100
A5: Sorong Selatan | B5: 8.48 | C5: 10.57 | D5: 21.18 | E5: 37.72 | F5: 15.41 | G5: 11.83 | H5: 46.42 | I5: 26.44 | J5: 8.52 | K5: 13.44 | L5: =C5+E5+G5 -> 60.12 | M5: =100-L5 -> 39.88 | N5: 100 | O5: 100
A6: Maybrat | B6: 60.16 | C6: NA | D6: 23.84 | E6: 52.15 | F6: 12.07 | G6: 19.75 | H6: NA | I6: – | J6: – | K6: NA | L6: =E6+G6 -> 71.9 | M6: =100-L6 -> 28.1 | N6: 100 | O6: 100
A7: Tambrauw | B7: 12.09 | C7: 5.95 | D7: 55.34 | E7: 61.61 | F7: NA | G7: NA | H7: 13.22 | I7: 19.68 | J7: 17.27 | K7: 9.81 | L7: =C7+E7 -> 67.56 | M7: =100-L7 -> 32.44 | N7: 100 | O7: 100
A9: Kota Sorong | B9: 53.73 | C9: 38.33 | D9: 39.68 | E9: 54.59 | F9: – | G9: NA | H9: NA | I9: NA | J9: NA | K9: NA | L9: =C9+E9 -> 92.92 | M9: =100-L9 -> 7.08 | N9: 100 | O9: 100
A10: Papua Barat Daya | B10: 43.05 | C10: 31.76 | D10: 37.64 | E10: 49.88 | F10: 3.27 | G10: 3.98 | H10: 11.55 | I10: 10.01 | J10: 4.49 | K10: 4.38 | L10: =C10+E10+G10 -> 85.62 | M10: =100-L10 -> 14.38 | N10: 100 | O10: 100
A14: Percent Distribution of Ever Married Women Aged 15-49 Years Who Were Married or Had Ever Been Married and Who Had Live Birth Within the Last Two Years by Regency/ Municipality and Type of Person Providing Assistance During Delivery of the Last Birth in Papua Barat Daya Province, 2024 and 2025
A17: Catatan/Note: 1 Dokter kandungan dan dokter umum/Obstetrician and general practice doctor 2 Termasuk tidak ada penolong Persalinan/Including not using a birth attender Sumber/Source: Badan Pusat Statistik, Survei Sosial Ekonomi Nasional (Susenas)/BPS–Statistics Indonesia, National Socioeconomic Survey

Sheet Diseases
A1: Kabupaten/Kota | B1: Angka Penemuan dan Pengobatan TBC (%) | C1: Angka Keberhasilan Pengobatan TBC (%) | D1: Jumlah Kasus Baru AIDS | E1: Penemuan Kasus Baru Kusta per 100.000 Penduduk | F1: Angka Kesakitan Malaria per 1.000 Penduduk | G1: Angka Kesakitan DBD per 100.000 Penduduk
A2: Raja Ampat | B2: 108 | C2: 108 | D2: 0 | E2: 117.91 | F2: 15.99 | G2: 81.35
A3: Sorong | B3: 529 | C3: 529 | D3: 23 | E3: 72.25 | F3: 9.61 | G3: 77.97
A4: Sorong Selatan | B4: 350 | C4: 350 | D4: 54 | E4: 19.28 | F4: 1.99 | G4: 10.66
A5: Maybrat | B5: 16 | C5: 16 | D5: – | E5: 28.85 | F5: 0.48 | G5: 12.76
A6: Tambrauw | B6: 13 | C6: 13 | D6: – | E6: 139.38 | F6: 24.13 | G6: 15.4
A7: Kota Sorong | B7: 842 | C7: 842 | D7: 215 | E7: 52.24 | F7: 13.19 | G7: 15.4
A8: Papua Barat Daya | B8: 1858 | C8: 1858 | D8: 292 | E8: 59.42 | F8: 11.43 | G8: 33.33
A12: Kasus Penyakit Menurut Kabupaten/Kota dan Jenis Penyakit di Provinsi Papua Barat Daya, 2024 Disease by Regency/Municipality and Type of Disease in Papua Barat Daya Province, 2024

Sheet TBCTreatment
A1: No | B1: Kabupaten / Kota | C1: Jumlah Terduga TBC | D1: L | E1: % (L) | F1: P | G1: % (P) | H1: L+P | I1: % (L+P)
A2: 1 | B2: Sorong Selatan | C2: 563 | D2: 137 | E2: 24.33 | F2: 132 | G2: 23.45 | H2: 269 | I2: 47.78
A3: 2 | B3: Sorong | C3: 495 | D3: 155 | E3: 31.31 | F3: 111 | G3: 22.42 | H3: 266 | I3: 53.74
A4: 3 | B4: Raja Ampat | C4: 258 | D4: 56 | E4: 21.71 | F4: 18 | G4: 6.98 | H4: 74 | I4: 28.68
A5: 4 | B5: Tambrauw | C5: 36 | D5: 4 | E5: 11.11 | F5: 2 | G5: 5.56 | H5: 6 | I5: 16.67
A6: 5 | B6: Maybrat | C6: 36 | D6: 10 | E6: 27.78 | F6: 5 | G6: 13.89 | H6: 15 | I6: 41.67
A7: 6 | B7: Kota Sorong | C7: 1298 | D7: 311 | E7: 23.96 | F7: 212 | G7: 16.33 | H7: 523 | I7: 40.29
B8: Prov. Papua Barat Daya | C8: 2686 | D8: 673 | E8: 25.06 | F8: 480 | G8: 17.87 | H8: 1153 | I8: 42.93
C13: Angka Success Rate Semua Kasus Tuberkulosis menurut Kabupaten/Kota
C14: Provinsi Papua Barat Daya Tahun 2022
C16: Sumber : Rakerkesda Prov.PBD, 2024; Dinkes, Pengendalian Penduduk dan KB Prov. PBD, 2024.

Sheet IDL
A1: Kabupaten/Kota | B1: 2024 | C1: 2025
A3: Raja Ampat | B3: 45.58 | C3: 37.94
A4: Sorong | B4: 49.29 | C4: 51.55
A5: Sorong Selatan | B5: 48.69 | C5: 50.38
A6: Maybrat | B6: 65.13 | C6: 60.46
A7: Tambrauw | B7: 70.85 | C7: 71.8
A8: Kota/Municipality
A9: Kota Sorong | B9: 48.61 | C9: 56.61
A10: Papua Barat Daya | B10: 50.01 | C10: 53.98
A15: Percentage of Children Age 12-23 Months Who Had Received Complete Basic Immunization by Regency/Municipality in Papua Barat Daya Province, 2024-2025
